,City,Lat,Lng,Max Temp,Humidity,Cloudiness,Wind Speed,Country,Date
0,Hofn,64.2539,-15.2082,46.42,53,20,19.57,IS,1665073767
1,Abu Samrah,35.3029,37.1841,79.47,26,0,5.3,SY,1665073769
2,Punta Arenas,-53.15,-70.9167,44.71,57,75,17.27,CL,1665073772
3,Tasiilaq,65.6145,-37.6368,42.96,72,91,2.17,GL,1665073773
4,Ciudad Bolivar,8.1222,-63.5497,83.48,68,100,4.16,VE,1665073775
5,Ushuaia,-54.8,-68.3,46.02,57,75,8.05,AR,1665073777
6,Hermanus,-34.4187,19.2345,58.8,81,78,15.82,ZA,1665073778
7,Bambous Virieux,-20.3428,57.7575,72.21,73,75,10.36,MU,1665073780
8,Bredasdorp,-34.5322,20.0403,61.81,70,100,17.56,ZA,1665073781
9,Rapid Valley,44.0625,-103.1463,44.6,95,100,12.66,US,1665073782
10,Kaitangata,-46.2817,169.8464,41.27,78,96,9.1,NZ,1665073785
11,Zhmerynka,49.037,28.112,56.12,69,59,8.05,UA,1665073787
12,Chokurdakh,70.6333,147.9167,20.73,91,96,14.94,RU,1665073788
13,Puerto Ayora,-0.7393,-90.3518,71.56,88,88,5.01,EC,1665073789
14,East London,-33.0153,27.9116,63.54,77,0,9.22,ZA,1665073791
15,Nantucket,41.2835,-70.0995,64.54,95,100,12.66,US,1665073792
16,Albany,42.6001,-73.9662,69.57,65,8,2.82,US,1665073794
17,Alappuzha,9.49,76.3264,79.0,82,100,8.57,IN,1665073795
18,Port Elizabeth,-33.918,25.5701,64.09,73,0,14.97,ZA,1665073796
19,Letterkenny,54.95,-7.7333,58.89,92,100,15.7,IE,1665073562
20,Houston,29.7633,-95.3633,84.94,62,0,6.91,US,1665073602
21,Dikson,73.5069,80.5464,31.82,99,100,22.66,RU,1665073801
22,Busselton,-33.65,115.3333,51.82,70,99,4.7,AU,1665073802
23,Wattegama,6.7989,81.4808,76.46,81,100,2.39,LK,1665073806
24,Bengkulu,-3.8004,102.2655,73.0,93,100,10.67,ID,1665073808
25,Rikitea,-23.1203,-134.9692,69.53,69,90,22.26,PF,1665073809
26,Portland,45.5234,-122.6762,61.45,93,100,4.61,US,1665073682
27,Karpogory,64.0019,44.4451,47.53,81,95,11.59,RU,1665073812
28,Tshane,-24.0196,21.8684,87.62,11,26,8.39,BW,1665073815
29,Cidreira,-30.1811,-50.2056,63.28,96,100,19.46,BR,1665073816
30,Saskylakh,71.9167,114.0833,17.13,91,100,15.35,RU,1665073818
31,Ketchikan,55.3422,-131.6461,52.27,100,100,11.5,US,1665073819
32,Jamestown,42.097,-79.2353,66.52,46,75,6.91,US,1665073821
33,Atuona,-9.8,-139.0333,76.53,76,71,23.94,PF,1665073822
34,Bluff,-46.6,168.3333,43.81,69,33,6.46,NZ,1665073824
35,Port Alfred,-33.5906,26.891,61.18,78,100,1.01,ZA,1665073825
36,Taoudenni,22.6783,-3.9836,108.54,8,12,3.8,ML,1665073826
37,Mgandu,-5.95,34.1333,72.77,24,16,6.44,TZ,1665073828
38,George Town,5.4112,100.3354,81.23,87,40,3.44,MY,1665073585
39,Mt. Pleasant,32.7941,-79.8626,79.99,50,0,4.61,US,1665073830
40,Sabha,27.0377,14.4283,79.07,33,0,10.71,LY,1665073833
41,Merauke,-8.4667,140.3333,78.85,88,99,13.13,ID,1665073834
42,Saint-Augustin,51.226,-58.6502,59.41,63,10,18.5,CA,1665073835
43,Longyearbyen,78.2186,15.6401,37.24,75,75,19.57,SJ,1665073837
44,Poum,-20.2333,164.0167,74.39,67,66,11.32,NC,1665073838
45,Salalah,17.0151,54.0924,78.89,89,40,5.75,OM,1665073840
46,Upington,-28.4478,21.2561,84.58,6,0,9.22,ZA,1665073831
47,Lima,-12.0432,-77.0282,61.05,72,100,4.61,PE,1665073842
48,Iguape,-24.7081,-47.5553,74.79,77,97,11.36,BR,1665073843
49,Mar del Plata,-38.0023,-57.5575,62.94,82,75,6.91,AR,1665073845
50,Gizo Government Station,-8.103,156.8419,81.3,71,100,4.97,SB,1665073846
51,Lieksa,63.3167,30.0167,49.19,83,100,15.82,FI,1665073847
52,Bethel,41.3712,-73.414,72.41,60,0,1.01,US,1665073849
53,Hobart,-42.8794,147.3294,57.06,88,100,11.5,AU,1665073850
54,Hasaki,35.7333,140.8333,54.28,80,100,18.25,JP,1665073851
55,Smithers,54.7804,-127.1743,44.92,100,100,2.3,CA,1665073854
56,Saint Paul Harbor,57.79,-152.4072,51.31,87,100,9.22,US,1665073856
57,Mataura,-46.1927,168.8643,43.48,84,81,2.46,NZ,1665073858
58,Pāsighāt,28.0667,95.3333,74.1,94,98,2.39,IN,1665073860
59,Moose Factory,51.2585,-80.6094,44.6,65,100,12.66,CA,1665073782
60,Hithadhoo,-0.6,73.0833,81.36,78,21,18.45,MV,1665073863
61,Lebu,-37.6167,-73.65,52.92,95,100,9.71,CL,1665073864
62,Dingle,10.9995,122.6711,76.17,91,100,6.69,PH,1665073866
63,Padang,-0.9492,100.3543,73.45,92,100,6.13,ID,1665073867
64,Kahului,20.8947,-156.47,78.82,78,40,6.91,US,1665073869
65,Tuktoyaktuk,69.4541,-133.0374,32.0,100,100,18.41,CA,1665073871
66,Dubbo,-32.25,148.6167,57.33,94,100,8.05,AU,1665073872
67,Blagoyevo,63.3667,47.9167,45.0,94,98,6.76,RU,1665073874
68,Soe,-9.8607,124.284,67.75,90,74,3.33,ID,1665073876
69,Avarua,-21.2078,-159.775,73.45,73,42,14.97,CK,1665073877
70,Faanui,-16.4833,-151.75,77.86,77,45,27.0,PF,1665073879
71,New Norfolk,-42.7826,147.0587,56.7,77,100,1.25,AU,1665073882
72,Nikolskoye,59.7035,30.7861,55.29,77,97,15.32,RU,1665073883
73,Carlsbad,33.1581,-117.3506,70.34,90,100,3.44,US,1665073732
74,Thinadhoo,0.5333,72.9333,81.84,77,52,19.24,MV,1665073886
75,Catuday,16.2923,119.8062,80.24,76,93,7.94,PH,1665073887
76,Brookings,44.3114,-96.7984,45.18,68,15,3.0,US,1665073879
77,Jacqueville,5.2052,-4.4146,77.61,85,43,11.43,CI,1665073890
78,Kavaratti,10.5669,72.642,81.63,75,98,18.32,IN,1665073891
79,Cabo San Lucas,22.8909,-109.9124,88.61,62,20,5.75,MX,1665073892
80,Banda Aceh,5.5577,95.3222,77.2,87,100,6.38,ID,1665073894
81,Arraial do Cabo,-22.9661,-42.0278,75.06,73,40,28.77,BR,1665073896
82,Umba,66.6871,34.3429,47.84,87,100,11.14,RU,1665073898
83,Neiafu,-18.65,-173.9833,77.68,88,75,5.75,TO,1665073755
84,Rosarito,32.3333,-117.0333,68.92,76,62,5.39,MX,1665073900
85,Nome,64.5011,-165.4064,42.87,81,100,19.57,US,1665073901
86,Churapcha,62.0025,132.4325,24.04,94,100,3.67,RU,1665073903
87,Carnarvon,-24.8667,113.6333,63.63,62,18,26.96,AU,1665073904
88,Cayenne,4.9333,-52.3333,91.44,52,40,11.5,GF,1665073897
89,Torbay,47.6666,-52.7314,60.89,88,100,8.05,CA,1665073907
90,Hamilton,39.1834,-84.5333,69.26,57,75,3.44,US,1665073883
91,Bethanien,-26.502,17.1583,76.3,9,3,17.52,NA,1665073910
92,Upernavik,72.7868,-56.1549,24.93,92,100,9.46,GL,1665073912
93,Cornwall,45.0181,-74.7281,71.26,56,0,6.91,CA,1665073762
94,Mossamedes,-15.1961,12.1522,64.22,84,42,10.42,AO,1665073914
95,Huangmei,30.1924,116.025,56.26,93,100,2.01,CN,1665073916
96,Samarai,-10.6167,150.6667,79.9,83,92,8.55,PG,1665073917
97,Chalmette,29.9427,-89.9634,83.03,54,20,8.05,US,1665073918
98,Vila Velha,-20.3297,-40.2925,80.55,74,75,10.36,BR,1665073813
99,Paamiut,61.994,-49.6678,37.02,75,68,2.44,GL,1665073921
100,Najrān,17.4924,44.1277,81.25,21,91,4.83,SA,1665073922
101,Kununurra,-15.7667,128.7333,82.38,65,100,2.3,AU,1665073924
102,Kavieng,-2.5744,150.7967,81.43,78,98,15.35,PG,1665073925
103,Houma,29.5958,-90.7195,82.99,64,40,5.75,US,1665073927
104,Tessalit,20.1986,1.0114,101.26,10,35,13.02,ML,1665073928
105,Warrnambool,-38.3833,142.4833,53.89,94,100,6.49,AU,1665073883
106,Kruisfontein,-34.0033,24.7314,61.88,78,99,10.0,ZA,1665073930
107,Samarkand,39.6542,66.9597,56.62,41,0,9.22,UZ,1665073920
108,Hilo,19.7297,-155.09,82.27,94,100,6.91,US,1665073842
109,Le Port,-20.9373,55.2919,73.4,70,17,3.49,RE,1665073934
110,Felanitx,39.4696,3.1483,74.95,78,90,11.61,ES,1665073936
111,São João da Barra,-21.6403,-41.0511,77.09,80,73,14.18,BR,1665073937
112,Libreville,0.3925,9.4537,78.98,81,75,11.25,GA,1665073903
113,Manokwari,-0.8667,134.0833,78.49,78,95,1.92,ID,1665073940
114,Laas,46.6166,10.7002,67.08,77,56,2.57,IT,1665073941
115,Severo-Kuril'sk,50.6789,156.125,42.62,66,76,13.76,RU,1665073943
116,Bilibino,68.0546,166.4372,22.23,96,100,4.83,RU,1665073944
117,Vaini,-21.2,-175.2,71.76,100,20,3.44,TO,1665073945
118,Beringovskiy,63.05,179.3167,39.09,70,6,32.73,RU,1665073947
119,Sindor,62.8629,51.8905,42.22,99,100,4.23,RU,1665073782
120,Norman Wells,65.282,-126.8329,35.64,93,40,3.44,CA,1665073949
121,San Cristobal,7.7669,-72.225,75.38,64,100,5.19,VE,1665073951
122,Hondomachi-hondo,32.45,130.2,70.48,69,85,7.11,JP,1665073952
123,Sampit,-2.5333,112.95,73.94,97,77,0.36,ID,1665073953
124,Lábrea,-7.2586,-64.7981,104.25,24,80,5.32,BR,1665073955
125,Tamworth,52.634,-1.6959,63.37,74,64,8.99,GB,1665073956
126,Arrondissement de Limoges,45.75,1.3333,63.68,77,40,5.75,FR,1665073958
127,Champerico,14.3,-91.9167,88.34,70,81,3.36,GT,1665073822
128,Benicarló,40.4165,0.4271,72.25,76,33,10.87,ES,1665073960
129,Castro,-24.7911,-50.0119,74.07,71,100,8.59,BR,1665073961
130,Kaeo,-35.1,173.7833,42.33,89,12,3.6,NZ,1665073963
131,Kirakira,-10.4544,161.9205,77.74,86,99,6.44,SB,1665073964
132,Ilulissat,69.2167,-51.1,30.22,74,75,4.61,GL,1665073965
133,Nizhny Tagil,57.9194,59.965,46.4,74,100,6.33,RU,1665073967
134,Jalu,29.0331,21.5482,78.75,34,0,8.86,LY,1665073968
135,Mandalgovi,45.7625,106.2708,36.46,31,92,3.65,MN,1665073969
136,Saint George,37.1041,-113.5841,74.43,35,0,1.99,US,1665073972
137,Ambilobe,-13.2,49.05,73.9,73,21,4.03,MG,1665073973
138,Tigil',57.8,158.6667,32.63,98,80,12.77,RU,1665073974
139,Tiksi,71.6872,128.8694,19.4,87,100,23.58,RU,1665073977
140,Lázaro Cárdenas,17.9583,-102.2,84.78,65,38,0.72,MX,1665073978
141,Thompson,55.7435,-97.8558,30.36,64,100,5.75,CA,1665073980
142,Iquitos,-3.7481,-73.2472,93.24,62,40,6.91,PE,1665073981
143,Kloulklubed,7.0419,134.2556,77.5,72,31,7.67,PW,1665073982
144,Fukuechō,32.6881,128.8419,67.93,79,100,16.62,JP,1665073986
145,Alyangula,-13.8483,136.4192,80.01,78,10,4.27,AU,1665073987
146,Mount Gambier,-37.8333,140.7667,53.4,98,100,6.85,AU,1665073988
147,Constitución,-35.3333,-72.4167,60.51,58,79,8.43,CL,1665073990
148,Yumen,40.2833,97.2,49.53,37,0,12.82,CN,1665073991
149,Husavik,66.0449,-17.3389,37.24,99,100,12.88,IS,1665073994
150,Alamogordo,32.8995,-105.9603,61.21,87,75,4.61,US,1665073995
151,Nemuro,43.3236,145.575,49.93,67,81,11.72,JP,1665073997
152,Airai,-8.9266,125.4092,60.85,91,94,2.35,TL,1665073998
153,Zhezkazgan,47.8043,67.7144,55.69,33,89,7.65,KZ,1665074000
154,Provideniya,64.3833,-173.3,39.72,79,7,36.84,RU,1665074001
155,Kalmunai,7.4167,81.8167,82.0,76,100,7.38,LK,1665074003
156,Kapaa,22.0752,-159.319,75.18,88,0,8.05,US,1665074004
157,Labytnangi,66.6572,66.4183,40.75,98,100,7.31,RU,1665074005
158,Alofi,-19.0595,-169.9187,67.89,100,96,1.14,NU,1665074007
159,Heihe,50.2441,127.4902,28.98,47,12,5.61,CN,1665074008
160,Chui,-33.6971,-53.4616,59.59,98,100,8.75,UY,1665074009
161,Mesetas,3.3846,-74.0442,85.91,61,83,2.82,CO,1665074011
162,San Jose,37.3394,-121.895,73.92,87,100,0.0,US,1665073908
163,Oodweyne,9.4092,45.064,76.39,48,93,8.46,SO,1665074013
164,Iqaluit,63.7506,-68.5145,28.13,74,75,16.11,CA,1665074015
165,Geraldton,-28.7667,114.6,46.81,87,6,8.05,AU,1665073875
166,Freeport,40.6576,-73.5832,73.29,53,0,6.91,US,1665074018
167,Xinyu,27.8043,114.9334,58.42,83,100,2.93,CN,1665074019
168,Lorengau,-2.0226,147.2712,80.98,82,100,8.9,PG,1665074021
169,Port-Gentil,-0.7193,8.7815,80.56,78,40,17.27,GA,1665074022
170,Morgan City,29.6994,-91.2068,82.02,57,0,8.05,US,1665073840
171,Pisco,-13.7,-76.2167,62.65,82,100,8.05,PE,1665074025
172,Novokayakent,42.3937,47.9861,64.96,72,100,10.22,RU,1665074026
173,Santa Isabel Rio Negro,-0.4139,-65.0192,99.16,34,39,5.03,BR,1665074027
174,Inhambane,-23.865,35.3833,76.98,88,20,16.11,MZ,1665074029
175,Vallenar,-28.5708,-70.7581,81.7,7,1,6.31,CL,1665073870
176,Butka,56.7179,63.7866,52.09,34,100,11.21,RU,1665074031
177,Qasigiannguit,68.8193,-51.1922,30.45,73,100,2.86,GL,1665074032
178,Palekastro,35.2,26.25,69.06,66,24,31.07,GR,1665074034
179,Khatanga,71.9667,102.5,18.1,95,100,13.53,RU,1665074035
180,Mahébourg,-20.4081,57.7,72.25,73,75,10.36,MU,1665074037
181,Tuatapere,-46.1333,167.6833,37.76,79,67,3.36,NZ,1665074039
182,Yangi Marg`ilon,40.4272,71.7189,63.32,34,0,4.61,UZ,1665074040
183,Saint-Philippe,-21.3585,55.7679,72.99,79,38,12.82,RE,1665074042
184,Caravelas,-17.7125,-39.2481,83.57,55,90,9.31,BR,1665074043
185,Hong Kong,22.2855,114.1577,83.32,80,37,10.0,HK,1665073909
186,Lafia,8.4833,8.5167,73.51,92,100,4.38,NG,1665074047
187,Cape Town,-33.9258,18.4232,64.27,79,75,11.5,ZA,1665073875
188,Barrow,71.2906,-156.7887,39.22,81,100,26.46,US,1665074051
189,Nivala,63.9167,24.9667,47.68,83,65,10.8,FI,1665074052
190,Cockburn Town,21.4612,-71.1419,84.16,70,40,11.5,TC,1665074053
191,Yellowknife,62.456,-114.3525,46.92,71,20,9.22,CA,1665074055
192,Salme,28.0369,85.0942,59.29,82,73,4.36,NP,1665074056
193,Bouaflé,6.9904,-5.7442,91.42,91,54,3.51,CI,1665074058
194,Lac du Bonnet,50.2536,-96.0612,39.09,45,61,9.35,CA,1665074059
195,Benguela,-12.5763,13.4055,72.64,78,51,7.2,AO,1665074060
196,Qaanaaq,77.484,-69.3632,14.02,88,98,8.01,GL,1665074062
197,Beni,0.5,29.4667,69.28,81,57,1.01,CD,1665074063
198,Blairmore,49.6,-114.4353,44.53,70,3,2.59,CA,1665073825
199,Zhob,31.3411,69.4481,72.39,32,0,2.26,PK,1665074066
200,Cândido de Abreu,-24.5669,-51.3333,70.02,96,100,4.03,BR,1665074067
201,Oddur,4.1213,43.8894,80.58,54,93,10.6,SO,1665074068
202,University Park,25.7465,-80.3676,87.03,63,75,10.36,US,1665074070
203,Caboolture,-27.0833,152.95,62.44,86,96,2.75,AU,1665074071
204,Delījān,33.9905,50.6838,73.85,15,0,4.54,IR,1665074072
205,Mayo,38.8876,-76.5119,75.11,60,0,1.99,US,1665074074
206,Sitka,57.0531,-135.33,55.29,100,75,0.0,US,1665074075
207,Lagos,6.5833,3.75,82.72,84,78,7.2,NG,1665073879
208,Halifax,44.6453,-63.5724,59.34,97,100,16.11,CA,1665073916
209,Butaritari,3.0707,172.7902,81.28,78,17,16.11,KI,1665074079
210,Fauske,67.2588,15.3918,48.94,80,99,22.97,NO,1665074080
211,Dingzhou,38.5131,114.9956,44.71,77,1,2.95,CN,1665074081
212,Sola,-13.8833,167.55,80.6,74,100,12.03,VU,1665073841
213,Fortuna,40.5982,-124.1573,53.94,62,77,1.52,US,1665074053
214,Esperance,-33.8667,121.9,54.77,62,100,15.32,AU,1665074085
215,Albacete,38.8333,-2.0,68.81,64,40,9.22,ES,1665074086
216,Souillac,-20.5167,57.5167,71.98,73,75,10.36,MU,1665074088
217,Mbamba,9.9833,13.1,75.85,82,96,1.83,NG,1665074089
218,Ancud,-41.8697,-73.8203,48.52,75,100,13.22,CL,1665074090
219,Klaksvík,62.2266,-6.589,49.12,77,64,32.01,FO,1665074092
220,Turukhansk,65.8167,87.9833,30.29,94,100,5.82,RU,1665074093
221,Healdsburg,38.6105,-122.8692,82.9,82,40,0.0,US,1665073836
222,Grand Gaube,-20.0064,57.6608,72.37,66,43,5.99,MU,1665074095
223,Pozo Colorado,-23.4923,-58.7972,68.59,80,100,8.95,PY,1665074097
224,Narsaq,60.9167,-46.05,41.22,69,1,1.3,GL,1665074098
225,Angoche,-16.2325,39.9086,76.32,81,0,10.09,MZ,1665074099
226,Japura,-0.3167,102.35,74.14,97,100,2.33,ID,1665074101
227,Katsuura,35.1333,140.3,60.03,90,100,17.09,JP,1665074102
228,Dwārka,22.2394,68.9678,82.63,70,56,13.42,IN,1665074104
229,Herat Province,34.5,62.0,56.07,12,0,11.9,AF,1665074106
230,Ereymentau,51.6199,73.1033,51.17,48,89,4.94,KZ,1665074108
231,Chapais,49.7834,-74.8492,46.18,88,100,7.96,CA,1665074109
232,Sakakah,29.9697,40.2064,94.57,16,7,6.91,SA,1665073815
233,Ayagoz,47.9714,80.4392,46.02,57,64,9.53,KZ,1665074111
234,Christchurch,-43.5333,172.6333,45.91,62,20,9.22,NZ,1665073832
235,Makakilo City,21.3469,-158.0858,73.98,83,0,5.75,US,1665074000
236,Shubarkuduk,49.1447,56.4872,58.41,24,99,1.95,KZ,1665074115
237,Umluj,25.0213,37.2685,85.57,69,0,6.44,SA,1665074118
238,General Pico,-35.6566,-63.7568,78.21,23,34,14.52,AR,1665074119
239,Udachny,66.4167,112.4,8.35,99,97,3.58,RU,1665074121
240,Iracoubo,5.4802,-53.2011,85.73,67,5,15.01,GF,1665074122
241,Bashtanka,47.4072,32.4387,59.31,47,45,7.16,UA,1665074123
242,Brae,60.3964,-1.353,51.08,79,3,28.23,GB,1665074125
243,Mogadishu,2.0371,45.3438,77.67,86,58,16.91,SO,1665074126
244,Caxias,38.7031,-9.2767,83.53,62,0,6.91,PT,1665074127
245,Lüderitz,-26.6481,15.1594,63.57,56,13,28.99,NA,1665074129
246,Clyde River,70.4692,-68.5914,25.03,86,100,6.91,CA,1665074130
247,Price,39.5994,-110.8107,61.12,41,0,0.0,US,1665074131
248,Saldanha,-33.0117,17.9442,62.65,85,17,8.79,ZA,1665074133
249,Yulara,-25.2406,130.9889,64.36,62,20,12.39,AU,1665074134
250,Palembang,-2.9167,104.7458,74.95,96,100,4.32,ID,1665074135
251,Grindavik,63.8424,-22.4338,43.27,75,75,16.11,IS,1665074137
252,Baruun-Urt,46.6806,113.2792,28.69,42,27,4.76,MN,1665074138
253,Abhā,18.2164,42.5053,73.22,17,40,8.05,SA,1665074139
254,St. George's,12.0564,-61.7485,78.48,94,75,18.41,GD,1665074141
255,Bossangoa,6.4926,17.4552,71.82,91,86,2.48,CF,1665074144
256,Grand Island,40.925,-98.342,62.89,77,100,16.11,US,1665074146
257,Port Hedland,-20.3167,118.5667,69.85,88,7,3.44,AU,1665074147
258,Aklavik,68.2191,-135.0107,31.95,88,100,12.26,CA,1665074148
259,Ponta do Sol,32.6667,-17.1,77.63,65,13,3.2,PT,1665074149
260,Marsá Maţrūḩ,31.3525,27.2453,75.4,46,40,11.5,EG,1665074151
261,Vanderhoof,54.0166,-124.0198,56.34,72,53,0.83,CA,1665074152
262,Ribeira Grande,38.5167,-28.7,75.6,73,40,4.61,PT,1665074154
263,Banjar,-8.19,114.9675,77.47,91,100,5.57,ID,1665074155
264,Varzelândia,-15.7014,-44.0275,91.71,27,90,5.39,BR,1665074157
265,Lobito,-12.3481,13.5456,72.54,80,71,4.9,AO,1665074159
266,Arrondissement de Saumur,47.3333,-0.25,66.31,54,4,5.46,FR,1665074160
267,Yatou,37.15,122.3833,50.92,54,83,7.36,CN,1665074161
268,Isangel,-19.55,169.2667,74.16,89,98,11.77,VU,1665074163
269,Stephenville,32.2207,-98.2023,84.33,31,0,1.99,US,1665074067
270,Wuda,39.4994,106.7117,51.06,24,0,6.38,CN,1665074166
271,Adrar,20.5022,-10.0711,101.28,8,3,8.84,MR,1665074167
272,Santa Cruz de Barahona,18.2085,-71.1008,89.42,66,20,13.8,DO,1665074169
273,Bahía Honda,22.9036,-83.1592,83.86,63,14,8.88,CU,1665074170
274,Scottsbluff,41.8666,-103.6672,62.78,61,0,3.44,US,1665074172
275,La Ligua,-32.4524,-71.2311,74.41,35,43,10.76,CL,1665074173
276,Salym,60.0625,71.4789,44.82,92,100,5.3,RU,1665074175
277,Chunskiy,56.0815,99.6342,27.01,99,85,0.89,RU,1665073998
278,Cabedelo,-6.9811,-34.8339,86.67,71,24,11.59,BR,1665074177
279,Kashmor,28.4333,69.5833,87.94,22,0,1.63,PK,1665074179
280,Nador,35.174,-2.9287,75.27,83,40,11.5,MA,1665074180
281,Ust-Tsilma,65.441,52.1498,42.04,95,99,5.3,RU,1665074182
282,Shingū,33.7333,135.9833,64.54,95,100,7.02,JP,1665074183
283,Silver City,32.7701,-108.2803,57.31,85,100,5.01,US,1665074184
284,Matagami,49.7502,-77.6328,41.11,93,100,11.5,CA,1665074186
285,Qaqortoq,60.7167,-46.0333,36.39,68,3,1.57,GL,1665074188
286,Codrington,-38.2667,141.9667,52.68,95,97,6.42,AU,1665074189
287,Ormara,25.2088,64.6357,80.35,74,0,6.85,PK,1665074191
288,Boguchany,58.3814,97.4531,26.71,96,62,1.28,RU,1665074192
289,Mahibadhoo,3.7833,72.9667,81.82,76,76,17.36,MV,1665074193
290,Ongandjera,-17.8833,15.0667,88.09,10,54,5.95,NA,1665074195
291,Semenivka,52.1783,32.5818,51.35,85,18,8.16,UA,1665074197
292,Emerald,-23.5333,148.1667,63.34,83,1,14.03,AU,1665074198
293,Trollhättan Municipality,58.2333,12.4167,55.58,76,40,19.57,SE,1665074200
294,Springbok,-29.6643,17.8865,57.27,46,100,8.55,ZA,1665074201
295,Karasjok,69.4719,25.5112,40.3,77,93,18.19,NO,1665074202
296,Thunder Bay,48.4001,-89.3168,44.58,75,100,16.11,CA,1665074204
297,Menongue,-14.6585,17.691,82.69,12,61,6.35,AO,1665074205
298,Waipawa,-41.4122,175.5153,40.48,91,99,15.99,NZ,1665074206
299,Redlands,34.0556,-117.1825,89.38,44,100,0.0,US,1665074208
300,Amsterdam,52.374,4.8897,60.89,61,20,12.66,NL,1665074039
301,Bilma,18.6853,12.9164,95.0,13,99,3.36,NE,1665074210
302,Vanimo,-2.6741,141.3028,78.62,88,100,5.37,PG,1665074211
303,Liverpool,53.4106,-2.9779,64.29,78,20,28.77,GB,1665074213
304,Departamento de Maldonado,-34.6667,-54.9167,60.22,92,100,7.0,UY,1665074007
305,Lompoc,34.6391,-120.4579,54.32,100,100,4.61,US,1665074215
306,Pūranpur,28.5167,80.15,70.95,90,100,4.45,IN,1665074216
307,Normal,40.5142,-88.9906,70.03,64,0,8.05,US,1665073941
308,Sur,22.5667,59.5289,83.32,61,74,4.34,OM,1665074219
309,Sept-Îles,50.2001,-66.3821,51.06,89,75,9.22,CA,1665074119
310,Anadyr,64.75,177.4833,32.5,86,20,17.9,RU,1665074221
311,Shīeli,44.1667,66.75,59.05,22,0,10.49,KZ,1665074223
312,Marquette,46.5333,-87.6335,48.78,93,99,14.09,US,1665074224
313,Puerto Maldonado,-12.6,-69.1833,86.4,66,20,5.75,PE,1665074225
314,Damara,4.9608,18.7035,71.73,91,99,2.48,CF,1665074227
315,Sokolo,14.7328,-6.1219,97.74,26,31,5.48,ML,1665074228
316,Copiapó,-27.3667,-70.3333,65.89,11,0,10.83,CL,1665074230
317,Øksfjord,70.2396,22.3479,46.58,92,100,14.05,NO,1665074231
318,Burnie,-41.0667,145.9167,56.95,93,100,3.04,AU,1665074232
319,Kaohsiung City,22.6163,120.3133,83.03,85,75,3.44,TW,1665074234
320,Vao,-22.6667,167.4833,72.01,64,100,20.22,NC,1665074235
321,Batemans Bay,-35.7167,150.1833,58.1,95,99,4.43,AU,1665074237
322,Weyburn,49.6668,-103.8511,37.62,56,78,8.05,CA,1665074238
323,Kyzyl-Suu,42.3414,78.0056,47.79,53,69,5.7,KG,1665074240
324,Rundu,-17.9333,19.7667,85.95,10,16,6.71,NA,1665074241
325,Mbala,-8.8402,31.3659,72.0,24,24,5.73,ZM,1665074242
326,Touros,-5.1989,-35.4608,84.38,63,0,13.76,BR,1665074098
327,Mount Isa,-20.7333,139.5,74.97,69,3,4.61,AU,1665074245
328,Manado,1.487,124.8455,77.77,94,40,2.3,ID,1665074246
329,Mae Hong Son,19.3003,97.9685,72.9,93,47,1.86,TH,1665074248
330,Tilichiki,60.4667,166.1,31.14,64,61,13.22,RU,1665074249
331,Broome,42.2506,-75.833,70.43,59,0,3.44,US,1665074250
332,Gornopravdinsk,60.05,69.9,45.86,88,100,5.28,RU,1665074252
333,Kasulu,-4.5767,30.1025,75.11,43,55,4.18,TZ,1665074253
334,Nuevo Laredo,27.4763,-99.5164,80.83,57,40,0.0,MX,1665074254
335,Pevek,69.7008,170.3133,29.26,95,100,30.31,RU,1665074256
336,Wawa,9.9022,4.4192,79.18,81,97,1.97,NG,1665074257
337,Khandyga,62.6667,135.6,15.53,83,98,0.63,RU,1665074258
338,Nhulunbuy,-12.2333,136.7667,77.61,88,43,0.0,AU,1665074260
339,Naze,28.3667,129.4833,70.72,76,33,6.8,JP,1665074261
340,Hervey Bay,-25.2986,152.8535,63.01,86,12,14.0,AU,1665074262
341,Hualmay,-11.0964,-77.6139,66.49,67,57,10.56,PE,1665074264
342,Nouadhibou,20.931,-17.0347,87.78,42,11,14.97,MR,1665074265
343,Kropotkin,45.4375,40.5756,58.77,47,11,6.29,RU,1665074266
344,Pokhara,28.2333,83.9833,67.89,83,100,4.12,NP,1665074267
345,Prince Rupert,54.3161,-130.3201,53.29,100,20,4.61,CA,1665074270
346,Chichimila,20.6167,-88.2167,82.45,32,5,3.49,MX,1665074271
347,Kashgar,39.4547,75.9797,54.61,62,100,11.18,CN,1665074273
348,Ambon City,-3.6954,128.1814,75.34,94,20,5.75,ID,1665074274
349,Auki,-8.7676,160.7034,76.08,89,90,4.03,SB,1665074275
350,Hobyo,5.3505,48.5268,78.17,84,15,19.46,SO,1665074277
351,Vasterhaninge,59.1167,18.1,56.89,66,5,22.48,SE,1665074278
352,Zharkent,44.1628,80.0,57.67,39,0,2.28,KZ,1665074279
353,Santa Maria do Pará,-1.3503,-47.5756,98.87,29,95,10.87,BR,1665074281
354,San Antonio,29.4241,-98.4936,87.31,48,0,5.75,US,1665073996
355,Ourém,39.6417,-8.5919,85.86,52,100,5.5,PT,1665074283
356,Harper,4.375,-7.7169,79.18,79,60,8.93,LR,1665074285
357,Kholmogory,64.2229,41.656,48.34,85,100,13.73,RU,1665074288
358,Sterling,39.0062,-77.4286,74.8,54,20,8.05,US,1665074094
359,Tarbert,55.8628,-5.4162,56.5,95,100,14.83,GB,1665074291
360,Niquero,20.0431,-77.5828,86.02,69,28,13.18,CU,1665074292
361,Aksu,41.1231,80.2644,60.26,29,100,6.67,CN,1665074294
362,Esim,4.8699,-2.2405,78.78,79,98,9.46,GH,1665074295
363,Hirara,24.8,125.2833,80.24,79,67,11.48,JP,1665074298
364,Peniche,39.3558,-9.3811,76.28,69,100,8.61,PT,1665074299
365,Goderich,43.7501,-81.7165,65.91,72,98,9.22,CA,1665074300
366,Sioux Lookout,50.1001,-91.917,33.87,86,75,9.22,CA,1665074303
367,Ishigaki,24.3448,124.1572,77.13,94,75,5.75,JP,1665074304
368,Yamada,39.4667,141.95,47.8,72,48,4.65,JP,1665074306
369,Charters Towers,-20.1,146.2667,67.93,89,11,11.32,AU,1665074307
370,Bell Ville,-32.6259,-62.6887,72.66,33,100,15.73,AR,1665074308
371,Valparaíso,-33.0393,-71.6273,71.83,56,0,13.8,CL,1665074310
372,Shihezi,44.3,86.0333,56.86,35,0,2.35,CN,1665074312
373,Merritt Island,28.5392,-80.672,83.21,47,20,11.5,US,1665074313
374,Tura,25.5198,90.2201,72.41,97,21,3.44,IN,1665074315
375,Bonfim,3.0833,-59.95,90.05,52,55,4.65,BR,1665074316
376,San Vicente,-26.6167,-54.1333,64.35,97,100,3.96,AR,1665074317
377,Lichinga,-13.3128,35.2406,75.29,38,0,12.66,MZ,1665074320
378,Tcholliré,8.4022,14.1698,73.67,88,99,3.65,CM,1665074321
379,Fairbanks,64.8378,-147.7164,42.6,88,100,3.44,US,1665074162
380,Ningbo,29.8782,121.5495,62.98,99,75,8.95,CN,1665074324
381,Margate,51.3813,1.3862,62.87,61,20,4.0,GB,1665074325
382,Guerrero Negro,27.9769,-114.0611,72.82,74,10,10.83,MX,1665074326
383,Marília,-22.2139,-49.9458,90.63,36,79,14.23,BR,1665074173
384,Pachmarhi,22.4667,78.4333,66.15,95,67,9.06,IN,1665074329
385,São Filipe,14.8961,-24.4956,80.17,82,47,13.85,CV,1665074330
386,Cap Malheureux,-19.9842,57.6142,72.46,66,33,5.99,MU,1665074331
387,Acajutla,13.5928,-89.8275,86.04,59,80,5.17,SV,1665074333
388,Portales,34.1862,-103.3344,63.01,79,94,7.29,US,1665074296
389,Camaná,-16.6228,-72.7111,65.55,67,54,11.1,PE,1665074336
390,Orlik,52.5178,99.825,26.98,69,100,2.86,RU,1665074338
391,Darnah,32.767,22.6367,70.9,58,16,22.66,LY,1665074339
392,Karaton,-6.3424,106.1045,73.2,96,91,3.87,ID,1665074340
393,Chicama,-7.8447,-79.1469,59.54,58,29,9.82,PE,1665074342
394,Kandrian,-6.2167,149.55,77.81,89,100,7.2,PG,1665074343
395,Pinega,64.7001,43.3936,47.44,86,99,13.11,RU,1665074345
396,Ostrovnoy,68.0531,39.5131,46.87,86,100,33.49,RU,1665074347
397,Muroto-misakicho,33.2833,134.15,67.14,89,100,10.74,JP,1665074349
398,Honggang,46.4667,124.8667,36.75,41,8,7.2,CN,1665074350
399,Wang Saphung,17.301,101.7685,73.13,94,25,1.81,TH,1665074352
400,Port Hawkesbury,45.6169,-61.3485,59.81,99,100,8.05,CA,1665074099
401,Sulangan,11.1373,123.7228,83.73,75,95,9.37,PH,1665074354
402,Muros,42.7762,-9.0603,78.1,53,1,7.92,ES,1665074357
403,Cherskiy,68.75,161.3,26.04,82,100,25.88,RU,1665074358
404,Belle Fourche,44.6714,-103.8522,45.32,84,98,12.46,US,1665074359
405,Opuwo,-18.0607,13.84,87.17,11,81,14.25,NA,1665074361
406,Aquin,18.2833,-73.4,85.86,68,42,2.93,HT,1665074362
407,Cururupu,-1.8283,-44.8683,87.49,57,80,9.35,BR,1665074363
408,Nioro,13.35,-15.75,90.07,59,22,3.78,GM,1665074365
409,Buala,-8.145,159.5921,78.6,80,77,3.76,SB,1665074366
410,Corn Island,12.1694,-83.0418,82.9,74,75,11.32,NI,1665074368
411,Erenhot,43.6475,111.9767,44.04,18,31,3.33,CN,1665074369
412,Vardø,70.3705,31.1107,48.18,87,75,25.32,NO,1665074370
413,Lermontovka,47.1453,134.3383,32.22,67,90,4.18,RU,1665074372
414,Vestmannaeyjar,63.4427,-20.2734,45.59,65,0,12.66,IS,1665074373
415,Puerto Escondido,15.85,-97.0667,85.03,70,0,5.75,MX,1665074374
416,Annau,37.8876,58.516,63.9,24,0,2.3,TM,1665074377
417,Altamira,-3.2033,-52.2064,87.89,62,75,6.91,BR,1665074379
418,Tazovsky,67.4667,78.7,31.44,84,98,11.9,RU,1665074380
419,Inta,66.0317,60.1659,41.36,90,100,5.06,RU,1665074382
420,Omsukchan,62.5333,155.8,15.66,94,100,7.34,RU,1665074383
421,Mezhdurechensk,53.6942,88.0603,36.23,92,100,1.59,RU,1665074384
422,Huarmey,-10.0681,-78.1522,67.19,69,44,10.4,PE,1665074386
423,Hue,16.4667,107.6,78.91,94,40,3.44,VN,1665074387
424,The Valley,18.217,-63.0578,87.66,66,20,18.41,AI,1665074388
425,Santa Maria,-29.6842,-53.8069,65.5,100,100,2.3,BR,1665074390
426,Deep River,46.1001,-77.4995,65.95,35,87,9.44,CA,1665074371
427,Aquiraz,-3.9014,-38.3911,87.89,57,8,14.5,BR,1665074393
428,Zalari,53.5584,102.5065,31.39,79,100,3.36,RU,1665074395
429,Hereford,52.0568,-2.7148,62.62,81,35,4.0,GB,1665074396
430,La Ronge,55.1001,-105.2842,35.85,64,20,8.05,CA,1665074397
431,Haines Junction,60.7522,-137.5108,24.75,86,52,2.3,CA,1665074399
432,Bindura,-17.3019,31.3306,76.01,21,0,5.66,ZW,1665074400
433,Okhotsk,59.3833,143.3,28.4,58,100,11.01,RU,1665074401
434,Kungurtug,50.5994,97.5228,27.88,92,99,2.71,RU,1665074403
435,Bograd,54.2344,90.8328,31.84,85,100,7.25,RU,1665074404
436,Aykhal,66.0,111.5,9.68,99,96,3.56,RU,1665074406
437,Douglas,41.3,-96.167,68.86,68,40,9.22,US,1665074283
438,China,25.7,-99.2333,82.13,46,100,4.79,MX,1665074337
439,Pirojpur,22.5667,89.9833,77.92,87,27,4.88,BD,1665074409
440,Laguna,38.421,-121.4238,83.01,61,0,1.01,US,1665074149
441,Okha,53.5739,142.9478,36.45,75,97,15.01,RU,1665074413
442,El Salvador,13.8333,-88.9167,83.05,63,60,2.98,SV,1665074415
443,Garmsār,35.2182,52.3409,79.41,17,0,3.11,IR,1665074416
444,Fort Nelson,58.8053,-122.7002,31.59,93,40,3.44,CA,1665074417
445,Yinchuan,38.4681,106.2731,54.21,27,56,3.91,CN,1665074419
446,Manapparai,10.6,78.4167,81.46,67,100,4.7,IN,1665074420
447,Donskoye,45.4552,41.9741,59.13,50,48,3.02,RU,1665074422
448,Dalvik,65.9702,-18.5286,39.13,98,100,5.17,IS,1665074423
449,Waddān,29.1614,16.139,79.5,33,0,9.86,LY,1665074425
450,Sol'-Iletsk,51.1631,54.9918,46.83,95,100,7.11,RU,1665074426
451,Mtwara,-10.2667,40.1833,78.13,65,20,11.5,TZ,1665074427
452,Belyy Yar,53.6039,91.3903,35.49,93,40,4.47,RU,1665074429
453,Southbridge,42.0751,-72.0334,71.42,77,5,3.62,US,1665074430
454,Broken Hill,-31.95,141.4333,66.78,48,99,8.12,AU,1665074431
455,Bandarbeyla,9.4942,50.8122,78.4,80,84,21.21,SO,1665074433
456,Gorontalo,0.5412,123.0595,75.02,95,36,2.59,ID,1665074434
457,Port Blair,11.6667,92.75,80.46,79,86,7.81,IN,1665074435
458,São João Evangelista,-18.5478,-42.7633,77.85,60,100,6.58,BR,1665074437
459,New Glasgow,45.5834,-62.6486,59.79,98,100,4.05,CA,1665074438
460,Bako,5.7833,36.5667,63.97,81,95,4.97,ET,1665074439
461,Poso,-1.3959,120.7524,76.57,85,100,4.09,ID,1665074441
462,Saint Anthony,45.0205,-93.218,55.65,60,40,18.41,US,1665074442
463,Conde,-7.2597,-34.9075,85.46,62,75,10.36,BR,1665074430
464,Fīrozpur Jhirka,27.8,76.95,74.66,82,92,10.25,IN,1665074444
465,Nishihara,26.1842,127.7558,78.08,89,40,8.05,JP,1665074446
466,Maputo,-25.9653,32.5892,94.68,21,0,9.22,MZ,1665074341
467,Creel,27.75,-107.6333,60.89,54,23,8.14,MX,1665074448
468,Koster,-25.863,26.8976,73.11,16,2,7.0,ZA,1665074449
469,Daru,-9.0763,143.2092,79.45,88,100,16.69,PG,1665074451
470,Nanortalik,60.1432,-45.2371,37.6,78,6,13.06,GL,1665074452
471,Huaidian,33.4333,115.0333,48.31,93,98,3.06,CN,1665074453
472,Bragança Paulista,-22.94,-46.5556,85.84,39,69,10.51,BR,1665074240
473,Tubualá,9.5167,-79.0333,82.31,76,100,3.33,PA,1665074457
474,Andra,62.5147,65.8878,42.69,94,100,9.06,RU,1665074458
475,Rio Grande City,26.3798,-98.8203,83.88,46,100,4.56,US,1665074460
476,Truro,50.2653,-5.0544,61.88,83,40,14.97,GB,1665074462
477,Weligama,5.9667,80.4167,77.72,85,94,10.07,LK,1665074463
478,Gobabis,-22.45,18.9667,84.74,8,19,10.49,NA,1665074466
479,Lincoln,40.8,-96.667,73.15,63,0,12.66,US,1665074370
480,Pa Sang,18.5262,98.9394,79.0,94,81,1.21,TH,1665074469
481,Pedernales,18.0384,-71.744,86.36,64,47,7.54,DO,1665074470
482,San Patricio,28.017,-97.5169,85.84,43,50,9.91,US,1665074471
483,Rogaška Slatina,46.2375,15.6397,68.0,71,97,1.52,SI,1665074473
484,Ziro,27.6333,93.8333,56.73,99,96,1.25,IN,1665074474
485,Milyutinskaya,48.6279,41.6679,57.45,57,90,5.7,RU,1665074475
486,Kutum,14.2,24.6667,85.93,20,88,9.78,SD,1665074477
487,Oleksandrivka,46.8383,32.7612,58.28,56,51,6.87,UA,1665074478
488,Flinders,-34.5833,150.8552,60.39,93,54,4.0,AU,1665074217
489,Boshnyakovo,49.6333,142.1667,36.25,62,71,7.92,RU,1665074481
490,Leningradskiy,69.3833,178.4167,34.54,70,100,22.86,RU,1665074483
491,College,64.8569,-147.8028,42.58,88,75,3.44,US,1665074485
492,Fonte Boa,-2.4959,-66.2662,99.84,35,65,2.89,BR,1665074486
493,Mackay,-21.15,149.2,70.68,81,27,13.62,AU,1665074487
494,Banyo,6.75,11.8167,66.61,96,99,3.47,CM,1665074489
495,Mairana,-18.1167,-63.9333,73.53,56,65,6.2,BO,1665074490
496,Lavrentiya,65.5833,-171.0,38.62,80,5,30.56,RU,1665074491
497,Chimay,50.0486,4.3171,59.49,70,2,3.71,BE,1665074493
498,Arlit,18.7369,7.3853,99.9,10,20,9.55,NE,1665074494
499,Batouri,4.4333,14.3667,67.91,99,99,0.83,CM,1665074495
500,Seymchan,62.8833,152.4333,18.79,87,100,5.26,RU,1665074496
501,Wassenberg,51.1,6.15,63.09,56,0,11.5,DE,1665074498
502,Dul'durga,50.6761,113.5931,27.95,55,68,2.15,RU,1665074499
503,Port Hardy,50.6996,-127.4199,53.78,100,100,0.0,CA,1665074246
504,Pacific Grove,36.6177,-121.9166,57.42,100,100,0.0,US,1665074502
505,Sibolga,1.7427,98.7792,75.29,91,100,2.01,ID,1665074503
506,Mehamn,71.0357,27.8492,48.11,93,75,5.75,NO,1665074504
507,Bad Doberan,54.1071,11.9005,60.93,63,0,1.01,DE,1665074506
508,Kayes,14.0,-11.0,89.6,50,1,5.99,ML,1665074507
509,Buin,-33.7333,-70.75,74.43,35,58,2.59,CL,1665074508
510,Navolato,24.7672,-107.6944,86.13,70,0,2.24,MX,1665074510
511,Pangody,65.85,74.4859,36.81,77,100,14.29,RU,1665074511
512,Sapele,5.8941,5.6767,77.49,86,97,5.75,NG,1665074512
513,Sémbé,1.6481,14.5806,71.28,99,100,2.89,CG,1665074514
514,Puerto Gaitán,4.3133,-72.0816,84.63,66,100,3.11,CO,1665074515
515,Flin Flon,54.7682,-101.865,31.84,64,100,4.61,CA,1665074516
516,Elizabeth City,36.2946,-76.2511,76.01,58,0,11.5,US,1665074321
517,Nelson Bay,-32.7167,152.15,61.0,89,20,5.01,AU,1665074519
518,Ermelo,-26.5333,29.9833,74.1,17,57,6.29,ZA,1665074520
519,Linxia Chengguanzhen,35.6003,103.2064,47.86,59,96,0.83,CN,1665074521
520,Burley,42.5357,-113.7928,51.76,62,0,0.0,US,1665074523
521,Port Moresby,-9.4431,147.1797,80.02,89,100,3.44,PG,1665074525
522,Wanning,18.8003,110.3967,78.82,89,44,7.43,CN,1665074526
523,Maniitsoq,65.4167,-52.9,34.2,71,100,6.46,GL,1665074527
524,Bubaque,11.2833,-15.8333,82.24,68,46,5.41,GW,1665074529
525,Iranduba,-3.2847,-60.1861,95.32,30,51,6.08,BR,1665074531
526,Tambovka,50.0969,128.0489,30.24,50,9,6.29,RU,1665074532
527,Egvekinot,66.3167,-179.1667,26.24,77,100,34.76,RU,1665074533
528,Robe,-37.1833,139.75,55.29,92,98,11.36,AU,1665074242
529,Nchelenge,-9.3451,28.734,79.47,42,28,3.13,ZM,1665074536
530,Mana,5.6592,-53.7767,87.1,64,4,12.5,GF,1665074538
531,Khasan,42.4308,130.6434,45.75,64,100,4.25,RU,1665074540
532,San Bartolo Cuitareo,19.6167,-100.6,59.61,89,95,1.88,MX,1665074541
533,Lerwick,60.1545,-1.1494,53.6,79,9,28.79,GB,1665074385
534,Tarauacá,-8.1614,-70.7656,97.79,34,28,4.43,BR,1665074544
535,Takoradze,4.8845,-1.7554,79.09,79,93,11.97,GH,1665074546
536,Severnyy,50.677,36.5532,57.24,72,0,6.71,RU,1665074548
537,Panzhihua,26.5851,101.7128,71.71,83,100,1.74,CN,1665074349
538,Putyatino,54.16,41.1169,47.89,90,83,6.87,RU,1665074550
539,Shakhtinsk,49.71,72.5872,51.64,50,32,6.62,KZ,1665074551
540,Smoky Lake,54.1169,-112.4686,41.72,70,11,6.91,CA,1665074554
541,Los Llanos de Aridane,28.6585,-17.9182,71.35,90,20,18.41,ES,1665074555
542,Mukhen,48.1,136.1,32.29,72,87,5.77,RU,1665074557
543,Palmerston,-12.486,130.9833,80.58,90,75,3.44,AU,1665074558
544,Kidal,18.4411,1.4078,100.76,10,10,12.3,ML,1665074559
545,Hammerfest,70.6634,23.6821,45.05,87,75,9.22,NO,1665074406
546,Chupa,66.27,33.0549,46.54,88,98,8.88,RU,1665074562
547,Sembakung,3.8167,117.25,73.69,98,94,0.58,ID,1665074563
548,Suntar,62.1444,117.6319,23.5,88,85,5.86,RU,1665074564
549,Eirunepé,-6.6603,-69.8736,99.97,33,75,3.44,BR,1665074373
550,Djebeniana,35.035,10.9081,78.6,55,4,9.8,TN,1665074568
551,Sovetskaya Gavan',48.9723,140.2878,33.62,61,1,7.83,RU,1665074569
552,Grand Bend,43.3168,-81.7498,68.97,59,95,5.99,CA,1665074570
553,Hoa Binh,20.8133,105.3383,75.94,93,8,1.32,VN,1665074572
554,Mata,40.683,-7.4592,81.61,38,100,1.48,PT,1665074573
555,Kenora,49.8167,-94.4337,36.57,69,75,11.5,CA,1665074574
556,Rocha,-34.4833,-54.3333,58.32,98,100,8.59,UY,1665074576
557,Rosetta,31.4044,30.4164,72.99,61,0,14.7,EG,1665074577
